subproject,gem_id,id,name,read,pattern,sequence,feature_type
BCLLATLAS_10,xpsb8alg_mz7bsq6k,ICGC_365_365_07,ICGC_365_365_07,R2,^(BC),GTCAACTCTTTAGCG,Antibody Capture
BCLLATLAS_10,xpsb8alg_mz7bsq6k,ICGC_365_14_2944,ICGC_365_14_2944,R2,^(BC),TGATGGCCTATTGGG,Antibody Capture
BCLLATLAS_10,xpsb8alg_mz7bsq6k,ICGC_365_15_194,ICGC_365_15_194,R2,^(BC),TTCCGCCTCTCTTTG,Antibody Capture
BCLLATLAS_10,r65huxjg_g0itbe2k,ICGC_012_00_30,ICGC_012_00_30,R2,^(BC),GTCAACTCTTTAGCG,Antibody Capture
BCLLATLAS_10,r65huxjg_g0itbe2k,ICGC_012_05_662,ICGC_012_05_662,R2,^(BC),TGATGGCCTATTGGG,Antibody Capture
BCLLATLAS_10,r65huxjg_g0itbe2k,ICGC_012_19_911A,ICGC_012_19_911A,R2,^(BC),TTCCGCCTCTCTTTG,Antibody Capture
BCLLATLAS_10,r65huxjg_g0itbe2k,ICGC_012_19_1543B,ICGC_012_19_1543B,R2,^(BC),AGTAAGTTCAGCGTA,Antibody Capture
BCLLATLAS_10,r65huxjg_g0itbe2k,ICGC_012_19_4600B,ICGC_012_19_4600B,R2,^(BC),AAGTATCGTTTCGCA,Antibody Capture
BCLLATLAS_10,bco1we6n_qaz6s7wd,ICGC_012_00_30,ICGC_012_00_30,R2,^(BC),GTCAACTCTTTAGCG,Antibody Capture
BCLLATLAS_10,bco1we6n_qaz6s7wd,ICGC_012_05_662,ICGC_012_05_662,R2,^(BC),TGATGGCCTATTGGG,Antibody Capture
BCLLATLAS_10,bco1we6n_qaz6s7wd,ICGC_012_19_911A,ICGC_012_19_911A,R2,^(BC),TTCCGCCTCTCTTTG,Antibody Capture
BCLLATLAS_10,bco1we6n_qaz6s7wd,ICGC_012_19_1543B,ICGC_012_19_1543B,R2,^(BC),AGTAAGTTCAGCGTA,Antibody Capture
BCLLATLAS_10,bco1we6n_qaz6s7wd,ICGC_012_19_4600B,ICGC_012_19_4600B,R2,^(BC),AAGTATCGTTTCGCA,Antibody Capture
BCLLATLAS_10,te04uhdq_2uatjn5y,ICGC_019_04_67,ICGC_019_04_67,R2,^(BC),AGTAAGTTCAGCGTA,Antibody Capture
BCLLATLAS_10,te04uhdq_2uatjn5y,ICGC_01911_2857,ICGC_01911_2857,R2,^(BC),AAGTATCGTTTCGCA,Antibody Capture
BCLLATLAS_10,te04uhdq_2uatjn5y,ICGC_01919_06,ICGC_01919_06,R2,^(BC),GGTTGCCAGATGTCA,Antibody Capture
BCLLATLAS_10,te04uhdq_2uatjn5y,ICGC_01919_12,ICGC_01919_12,R2,^(BC),TGTCTTTCCTGCCAG,Antibody Capture
BCLLATLAS_10,te04uhdq_2uatjn5y,ICGC_01918_3879A,ICGC_01918_3879A,R2,^(BC),CTCCTCTGCAATTAC,Antibody Capture
BCLLATLAS_10,j7z61du3_vyxon6q4,ICGC_019_04_67,ICGC_019_04_67,R2,^(BC),AGTAAGTTCAGCGTA,Antibody Capture
BCLLATLAS_10,j7z61du3_vyxon6q4,ICGC_01911_2857,ICGC_01911_2857,R2,^(BC),AAGTATCGTTTCGCA,Antibody Capture
BCLLATLAS_10,j7z61du3_vyxon6q4,ICGC_01919_06,ICGC_01919_06,R2,^(BC),GGTTGCCAGATGTCA,Antibody Capture
BCLLATLAS_10,j7z61du3_vyxon6q4,ICGC_01919_12,ICGC_01919_12,R2,^(BC),TGTCTTTCCTGCCAG,Antibody Capture
BCLLATLAS_10,j7z61du3_vyxon6q4,ICGC_01918_3879A,ICGC_01918_3879A,R2,^(BC),CTCCTCTGCAATTAC,Antibody Capture
BCLLATLAS_10,p092mcjf_6w9km8re,ICGC_3299_15_3257,ICGC_3299_15_3257,R2,^(BC),GTCAACTCTTTAGCG,Antibody Capture
BCLLATLAS_10,p092mcjf_6w9km8re,ICGC_3299_17_251,ICGC_3299_17_251,R2,^(BC),TGATGGCCTATTGGG,Antibody Capture
BCLLATLAS_10,p092mcjf_6w9km8re,ICGC_3299_18_218A,ICGC_3299_18_218A,R2,^(BC),TTCCGCCTCTCTTTG,Antibody Capture
BCLLATLAS_10,p092mcjf_6w9km8re,ICGC_3299_18_5761A,ICGC_3299_18_5761A,R2,^(BC),AGTAAGTTCAGCGTA,Antibody Capture
BCLLATLAS_10,p092mcjf_6w9km8re,ICGC_3299_19_2768B,ICGC_3299_19_2768B,R2,^(BC),GGTTGCCAGATGTCA,Antibody Capture
BCLLATLAS_10,z97dxyfq_xi38kvhc,ICGC_3299_15_3257,ICGC_3299_15_3257,R2,^(BC),GTCAACTCTTTAGCG,Antibody Capture
BCLLATLAS_10,z97dxyfq_xi38kvhc,ICGC_3299_17_251,ICGC_3299_17_251,R2,^(BC),TGATGGCCTATTGGG,Antibody Capture
BCLLATLAS_10,z97dxyfq_xi38kvhc,ICGC_3299_18_218A,ICGC_3299_18_218A,R2,^(BC),TTCCGCCTCTCTTTG,Antibody Capture
BCLLATLAS_10,z97dxyfq_xi38kvhc,ICGC_3299_18_5761A,ICGC_3299_18_5761A,R2,^(BC),AGTAAGTTCAGCGTA,Antibody Capture
BCLLATLAS_10,z97dxyfq_xi38kvhc,ICGC_3299_19_2768B,ICGC_3299_19_2768B,R2,^(BC),GGTTGCCAGATGTCA,Antibody Capture
